# Registro das URNs do espaço pedraAngular (D19, Fase 6). Uma linha por obra:
# urn_work<TAB>rótulo<TAB>atribuída em. Só cresce: número atribuído nunca muda nem
# se reaproveita (LEI 6). O portão recusa URN pedraAngular fora daqui.
urn:cts:pedraAngular:bible.1Chr	1Chr	2026-09-30
urn:cts:pedraAngular:bible.1Cor	1Cor	2026-09-30
urn:cts:pedraAngular:bible.1John	1John	2026-09-30
urn:cts:pedraAngular:bible.1Kgs	1Kgs	2026-09-30
urn:cts:pedraAngular:bible.1Macc	1Macc	2026-09-30
urn:cts:pedraAngular:bible.1Pet	1Pet	2026-09-30
urn:cts:pedraAngular:bible.1Sam	1Sam	2026-09-30
urn:cts:pedraAngular:bible.1Thess	1Thess	2026-09-30
urn:cts:pedraAngular:bible.1Tim	1Tim	2026-09-30
urn:cts:pedraAngular:bible.2Chr	2Chr	2026-09-30
urn:cts:pedraAngular:bible.2Cor	2Cor	2026-09-30
urn:cts:pedraAngular:bible.2John	2John	2026-09-30
urn:cts:pedraAngular:bible.2Kgs	2Kgs	2026-09-30
urn:cts:pedraAngular:bible.2Macc	2Macc	2026-09-30
urn:cts:pedraAngular:bible.2Pet	2Pet	2026-09-30
urn:cts:pedraAngular:bible.2Sam	2Sam	2026-09-30
urn:cts:pedraAngular:bible.2Thess	2Thess	2026-09-30
urn:cts:pedraAngular:bible.2Tim	2Tim	2026-09-30
urn:cts:pedraAngular:bible.3John	3John	2026-09-30
urn:cts:pedraAngular:bible.Acts	Acts	2026-09-30
urn:cts:pedraAngular:bible.Amos	Amos	2026-09-30
urn:cts:pedraAngular:bible.Bar	Bar	2026-09-30
urn:cts:pedraAngular:bible.Col	Col	2026-09-30
urn:cts:pedraAngular:bible.Dan	Dan	2026-09-30
urn:cts:pedraAngular:bible.Deut	Deut	2026-09-30
urn:cts:pedraAngular:bible.Eccl	Eccl	2026-09-30
urn:cts:pedraAngular:bible.Eph	Eph	2026-09-30
urn:cts:pedraAngular:bible.Esth	Esth	2026-09-30
urn:cts:pedraAngular:bible.Exod	Exod	2026-09-30
urn:cts:pedraAngular:bible.Ezek	Ezek	2026-09-30
urn:cts:pedraAngular:bible.Ezra	Ezra	2026-09-30
urn:cts:pedraAngular:bible.Gal	Gal	2026-09-30
urn:cts:pedraAngular:bible.Gen	Gen	2026-09-30
urn:cts:pedraAngular:bible.Hab	Hab	2026-09-30
urn:cts:pedraAngular:bible.Hag	Hag	2026-09-30
urn:cts:pedraAngular:bible.Heb	Heb	2026-09-30
urn:cts:pedraAngular:bible.Hos	Hos	2026-09-30
urn:cts:pedraAngular:bible.Isa	Isa	2026-09-30
urn:cts:pedraAngular:bible.Jas	Jas	2026-09-30
urn:cts:pedraAngular:bible.Jdt	Jdt	2026-09-30
urn:cts:pedraAngular:bible.Jer	Jer	2026-09-30
urn:cts:pedraAngular:bible.Job	Job	2026-09-30
urn:cts:pedraAngular:bible.Joel	Joel	2026-09-30
urn:cts:pedraAngular:bible.John	John	2026-09-30
urn:cts:pedraAngular:bible.Jonah	Jonah	2026-09-30
urn:cts:pedraAngular:bible.Josh	Josh	2026-09-30
urn:cts:pedraAngular:bible.Jude	Jude	2026-09-30
urn:cts:pedraAngular:bible.Judg	Judg	2026-09-30
urn:cts:pedraAngular:bible.Lam	Lam	2026-09-30
urn:cts:pedraAngular:bible.Lev	Lev	2026-09-30
urn:cts:pedraAngular:bible.Luke	Luke	2026-09-30
urn:cts:pedraAngular:bible.Mal	Mal	2026-09-30
urn:cts:pedraAngular:bible.Mark	Mark	2026-09-30
urn:cts:pedraAngular:bible.Matt	Matt	2026-09-30
urn:cts:pedraAngular:bible.Mic	Mic	2026-09-30
urn:cts:pedraAngular:bible.Nah	Nah	2026-09-30
urn:cts:pedraAngular:bible.Neh	Neh	2026-09-30
urn:cts:pedraAngular:bible.Num	Num	2026-09-30
urn:cts:pedraAngular:bible.Obad	Obad	2026-09-30
urn:cts:pedraAngular:bible.Phil	Phil	2026-09-30
urn:cts:pedraAngular:bible.Phlm	Phlm	2026-09-30
urn:cts:pedraAngular:bible.Prov	Prov	2026-09-30
urn:cts:pedraAngular:bible.Ps	Ps	2026-09-30
urn:cts:pedraAngular:bible.Rev	Rev	2026-09-30
urn:cts:pedraAngular:bible.Rom	Rom	2026-09-30
urn:cts:pedraAngular:bible.Ruth	Ruth	2026-09-30
urn:cts:pedraAngular:bible.Sir	Sir	2026-09-30
urn:cts:pedraAngular:bible.Song	Song	2026-09-30
urn:cts:pedraAngular:bible.Titus	Titus	2026-09-30
urn:cts:pedraAngular:bible.Tob	Tob	2026-09-30
urn:cts:pedraAngular:bible.Wis	Wis	2026-09-30
urn:cts:pedraAngular:bible.Zech	Zech	2026-09-30
urn:cts:pedraAngular:bible.Zeph	Zeph	2026-09-30
urn:cts:pedraAngular:pa0001.pa001	Baruch de Spinoza — Ethics	2026-09-30
urn:cts:pedraAngular:pa0002.pa001	Pedro Abelardo — Dialogus inter Philosophum, Iudaeum et Christianum	2026-09-30
urn:cts:pedraAngular:pa0002.pa002	Pedro Abelardo — Historia Calamitatum	2026-09-30
urn:cts:pedraAngular:pa0003.pa001	Boécio da Dácia — De Aeternitate Mundi	2026-09-30
urn:cts:pedraAngular:pa0003.pa002	Boécio da Dácia — De Summo Bono	2026-09-30
urn:cts:pedraAngular:pa0004.pa001	Tomás de Aquino — De Ente et Essentia	2026-09-30
urn:cts:pedraAngular:pa0004.pa002	Tomás de Aquino — De Principio Individuationis	2026-09-30
urn:cts:pedraAngular:pa0004.pa003	Tomás de Aquino — Epistola de Modo Studendi	2026-09-30
urn:cts:pedraAngular:pa0004.pa004	Tomás de Aquino — Expositio in Orationem Dominicam	2026-09-30
urn:cts:pedraAngular:pa0004.pa005	Tomás de Aquino — Summa Theologica — Prima Pars (seleção)	2026-09-30
urn:cts:pedraAngular:pa0005.pa001	Tomás de Kempis — De Imitatione Christi	2026-09-30
urn:cts:pedraAngular:pa0006.pa001	René Descartes — Meditationes de Prima Philosophia	2026-09-30
urn:cts:pedraAngular:pa0007.pa001	Thomas Hobbes — Leviathan	2026-09-30
urn:cts:pedraAngular:pa0008.pa001	Agostinho de Hipona — Confessiones	2026-09-30
urn:cts:pedraAngular:pa0008.pa002	Agostinho de Hipona — Contra Iulianum	2026-09-30
urn:cts:pedraAngular:pa0008.pa003	Agostinho de Hipona — De Catechizandis Rudibus	2026-09-30
urn:cts:pedraAngular:pa0008.pa004	Agostinho de Hipona — De Civitate Dei	2026-09-30
urn:cts:pedraAngular:pa0008.pa005	Agostinho de Hipona — De Dialectica	2026-09-30
urn:cts:pedraAngular:pa0008.pa006	Agostinho de Hipona — De Fide et Symbolo	2026-09-30
urn:cts:pedraAngular:pa0008.pa007	Agostinho de Hipona — De Trinitate	2026-09-30
urn:cts:pedraAngular:pa0008.pa008	Agostinho de Hipona — Epistula	2026-09-30
urn:cts:pedraAngular:pa0008.pa009	Agostinho de Hipona — Regula	2026-09-30
urn:cts:pedraAngular:pa0008.pa010	Agostinho de Hipona — Sermones (seleção)	2026-09-30
urn:cts:pedraAngular:pa0009.pa001	Ambrósio de Milão — De Mysteriis	2026-09-30
urn:cts:pedraAngular:pa0009.pa002	Ambrósio de Milão — Epistula ad Sororem Marcellinam	2026-09-30
urn:cts:pedraAngular:pa0009.pa003	Ambrósio de Milão — Epistulae Variae	2026-09-30
urn:cts:pedraAngular:pa0010.pa001	Arnóbio de Sicca — Adversus Nationes	2026-09-30
urn:cts:pedraAngular:pa0011.pa001	Cassiodoro — Institutiones Diuinarum et Humanarum Litterarum	2026-09-30
urn:cts:pedraAngular:pa0012.pa001	Jerônimo de Estridão — Contra Ioannem Hierosolymitanum	2026-09-30
urn:cts:pedraAngular:pa0012.pa002	Jerônimo de Estridão — Vita Malchi	2026-09-30
urn:cts:pedraAngular:pa0012.pa003	Jerônimo de Estridão — Vita Pauli	2026-09-30
urn:cts:pedraAngular:pa0013.pa001	Lactâncio — De Mortibus Persecutorum	2026-09-30
urn:cts:pedraAngular:pa0013.pa002	Lactâncio — Divinae Institutiones	2026-09-30
urn:cts:pedraAngular:pa0014.pa001	Martinho de Braga — Capitula ex Orientalium Patrum Synodis	2026-09-30
urn:cts:pedraAngular:pa0014.pa002	Martinho de Braga — Concilium I e II	2026-09-30
urn:cts:pedraAngular:pa0014.pa003	Martinho de Braga — De Ira	2026-09-30
urn:cts:pedraAngular:pa0014.pa004	Martinho de Braga — De Pascha	2026-09-30
urn:cts:pedraAngular:pa0014.pa005	Martinho de Braga — Exhortatio Humilitatis	2026-09-30
urn:cts:pedraAngular:pa0014.pa006	Martinho de Braga — Formula Vitae Honestae	2026-09-30
urn:cts:pedraAngular:pa0015.pa001	Apuleio de Madauros — De Deo Socratis	2026-09-30
urn:cts:pedraAngular:pa0015.pa002	Apuleio de Madauros — De Dogmate Platonis	2026-09-30
urn:cts:pedraAngular:pa0015.pa003	Apuleio de Madauros — De Mundo	2026-09-30
urn:cts:pedraAngular:pa0016.pa001	Giovanni Pico della Mirandola — Oratio de Hominis Dignitate	2026-09-30
urn:cts:pedraAngular:pa0017.pa001	Immanuel Kant — Crítica da Razão Pura	2026-09-30
urn:cts:pedraAngular:pa0018.pa001	Friedrich Nietzsche — Assim Falava Zaratustra	2026-09-30
urn:cts:pedraAngular:pa0019.pa001	Arthur Schopenhauer — O Mundo como Vontade e Representação — Livro III	2026-09-30
urn:cts:pedraAngular:pa0020.pa001	Jean-Jacques Rousseau — Discurso Sobre as Ciências e as Artes	2026-09-30
urn:cts:pedraAngular:pa0021.pa001	Voltaire — Breves Contos	2026-09-30
urn:cts:pedraAngular:pa0021.pa002	Voltaire — Breves Contos	2026-09-30
urn:cts:pedraAngular:pa0021.pa003	Voltaire — Breves Contos	2026-09-30
urn:cts:pedraAngular:pa0021.pa004	Voltaire — Cândido	2026-09-30
urn:cts:pedraAngular:pa0021.pa005	Voltaire — Os Ouvidos do Conde de Chesterfield e o Capelão Goudman	2026-09-30
urn:cts:pedraAngular:pa0021.pa006	Voltaire — Dicionário Filosófico	2026-09-30
urn:cts:pedraAngular:pa0021.pa007	Voltaire — História de Jenni	2026-09-30
urn:cts:pedraAngular:pa0021.pa008	Voltaire — Micrômegas	2026-09-30
urn:cts:pedraAngular:pa0021.pa009	Voltaire — O Ingênuo	2026-09-30
urn:cts:pedraAngular:pa0021.pa010	Voltaire — Zadig	2026-09-30
urn:cts:pedraAngular:pa0022.pa001	Niccolò Machiavelli — O Príncipe	2026-09-30
urn:cts:pedraAngular:pa0023.pa001	Lev Semenovich Vygotsky — Pensamento e Linguagem	2026-09-30
